{"val_loss": [14.468091692243304, 14.16913332257952, 14.684871809823173, 15.29141126360212, 14.29469530923026], "val_acc": [0.0625, 0.0, 0.0, 0.0, 0.0], "loss": [0.472103203823649, 0.8740109903819817, 0.9392527739632414, 0.9909357818668263, 0.9793544594996707], "acc": [0.8977984437274625, 0.8186444296830518, 0.8045407098121086, 0.7974829189599545, 0.8017204556255245]}